Ахмадуллин,Силин,Максимовских,Кузнецов,Панов
Ахмадуллин,Силин,Максимовских,Кузнецов,Панов
Ахмадуллин,Силин,Максимовских,Кузнецов,Панов
Ахмадуллин,Силин,Максимовских,Кузнецов,Панов
Ахмадуллин,Силин,Максимовских,Кузнецов,Панов
Ахмадуллин,Силин,Максимовских,Кузнецов,Панов
Ахмадуллин,Силин,Максимовских,Кузнецов,Панов
Ахмадуллин,Силин,Максимовских,Кузнецов,Панов
Ахмадуллин,Силин,Максимовских,Кузнецов,Панов
Ахмадуллин,Силин,Максимовских,Кузнецов,Панов
Ахмадуллин,Силин,Максимовских,Кузнецов,Панов
Ахмадуллин,Силин,Максимовских,Кузнецов,Панов
Ахмадуллин,Силин,Максимовских,Кузнецов,Панов
Ахмадуллин,Силин,Максимовских,Кузнецов,Панов
Ахмадуллин,Силин,Максимовских,Кузнецов,Панов
Ахмадуллин,Силин,Максимовских,Кузнецов,Панов
Ахмадуллин,Силин,Максимовских,Кузнецов,Панов
Ахмадуллин,Силин,Максимовских,Кузнецов,Панов
Ахмадуллин,Силин,Максимовских,Кузнецов,Панов
Ахмадуллин,Силин,Максимовских,Кузнецов,Панов
